seed,n_graphs,test_auprc,val_thr_maxf1,val_thr_p20,p20_fallback,val_thr_p15,p15_fallback,test_P_maxF1,test_R_maxF1,test_F1_maxF1,test_P_p20,test_R_p20,test_F1_p20,test_P_p15,test_R_p15,test_F1_p15
1,837,0.12705306096476565,0.6420406699180603,0.6849950551986694,False,0.6005480289459229,False,0.1467511013215455,0.2661008487267768,0.18917479989664282,0.175837815473655,0.21218172740878075,0.19230769181199187,0.13740920096849527,0.339990014977364,0.19571777513244004
7,837,0.11129986156783139,0.7279306054115295,0.8281833529472351,False,0.7504557371139526,False,0.12134068731435693,0.2933333333331829,0.1716686670529506,0.17225747960093177,0.09743589743584746,0.12446773619087571,0.13196721311471804,0.24769230769218067,0.172192512915378
42,837,0.12692872401216693,0.6384721398353577,0.7134771943092346,False,0.6241981983184814,False,0.1453065969194579,0.25050100200388253,0.18392495815213392,0.18270893371747393,0.15881763527046153,0.16992763284462323,0.14341085271314125,0.2780561122243096,0.189226047965558
123,837,0.13966667191293153,0.6292672157287598,0.7200384736061096,False,0.618039608001709,False,0.1551896207584443,0.31430015159155417,0.20778353054115575,0.2121212121210782,0.16978271854463375,0.1886051075610491,0.14678482163141404,0.32642748863045656,0.20250783656258925
999,837,0.12429950581009204,0.6751397252082825,0.8071730136871338,False,0.6968750953674316,False,0.15332390381890995,0.26196230062819625,0.19343326148989387,0.22596964586808438,0.06476558724018136,0.10067618297445444,0.16872573243905092,0.23102948284184097,0.1950224393325472
