seed,n_graphs,test_auprc,val_thr_maxf1,val_thr_p20,p20_fallback,val_thr_p15,p15_fallback,test_P_maxF1,test_R_maxF1,test_F1_maxF1,test_P_p20,test_R_p20,test_F1_p20,test_P_p15,test_R_p15,test_F1_p15
1,837,0.052200262468214034,0.7487253546714783,0.9311969876289368,False,0.8544769883155823,False,0.06383970177070651,0.13352826510708232,0.08638083184475329,0.08333333332638888,0.0009746588693947616,0.0019267822507452823,0.08724832214706546,0.0126705653021319,0.0221276593529742
7,837,0.058470436564818054,0.6482510566711426,0.779424250125885,False,0.7301114201545715,False,0.08512990602538135,0.1462488129153407,0.10761705054809009,0.06666666666634921,0.013295346628667336,0.022169437569112743,0.08228980321988857,0.04368471035133553,0.057071959844652236
42,837,0.06278095955606702,0.6800853610038757,0.8171676993370056,False,0.7829035520553589,False,0.07594936708858414,0.23676612127022448,0.11500701225489826,0.13605442176778196,0.01924927815205077,0.033726812598965164,0.1206140350874548,0.05293551491813962,0.07357859489366428
123,837,0.07016088718551253,0.6852415204048157,0.9117452502250671,False,0.7753110527992249,False,0.0897575099529172,0.23330197554070245,0.12963930958296385,0.0,0.0,0.0,0.1296660117875645,0.06208842897454178,0.08396946521084711
999,837,0.06660107255071294,0.7142339944839478,,True,,True,0.0775152641358966,0.2559158632776022,0.11898940469606273,,,,,,
